Marque;Modele;Type;Annee_Approx;Taille_Roue;Boitier_Pedalier;Compatibilite_Moteur
Rockrider;5.0;VTT;2015-2017;26;BSA;OUI - Standard BSA
Rockrider;5.1;VTT;2015-2017;26;BSA;OUI - Standard BSA
Rockrider;5.2;VTT;2015-2018;27.5;BSA;OUI - Standard BSA
Rockrider;5.3;VTT;2015-2018;27.5;BSA;OUI - Standard BSA
Rockrider;8.1;VTT;2015-2018;27.5;BSA;OUI - Standard BSA
Rockrider;8.2;VTT;2015-2018;27.5;BSA;OUI - Standard BSA
Rockrider;340;VTT;2015-2017;26;BSA;OUI - Standard BSA
Rockrider;500;VTT;2015-2017;26;BSA;OUI - Standard BSA
Rockrider;520;VTT;2015-2018;27.5;BSA;OUI - Standard BSA
Rockrider;540;VTT;2016-2018;27.5;BSA;OUI - Standard BSA
Rockrider;560;VTT;2016-2018;27.5;BSA;OUI - Standard BSA
Rockrider;ST 20;VTT;2019-2022;26;BSA;OUI - Standard BSA
Rockrider;ST 30;VTT;2019-2022;26;BSA;OUI - Standard BSA
Rockrider;ST 50;VTT;2019-2022;26;BSA;OUI - Standard BSA
Rockrider;ST 100;VTT;2018-2023;27.5;BSA;OUI - Standard BSA
Rockrider;ST 120;VTT;2018-2022;27.5;BSA;OUI - Standard BSA
Rockrider;ST 520;VTT;2017-2022;27.5;BSA;OUI - Standard BSA
Rockrider;ST 520 V2;VTT;2022-2024;27.5;BSA;OUI - Standard BSA
Rockrider;ST 530;VTT;2019-2022;27.5;BSA;OUI - Standard BSA
Rockrider;ST 530 S;VTT;2020-2023;29;BSA;OUI - Standard BSA
Rockrider;ST 540;VTT;2019-2023;27.5;BSA;OUI - Standard BSA
Rockrider;ST 540 V2;VTT;2022-2024;27.5;BSA;OUI - Standard BSA
Rockrider;ST 560;VTT;2019-2022;27.5;BSA;OUI - Standard BSA
Rockrider;EXPL 50;VTT;2023-2025;27.5;BSA;OUI - Standard BSA
Rockrider;EXPL 100;VTT;2023-2025;29;BSA;OUI - Standard BSA
Rockrider;EXPL 500;VTT;2023-2025;29;BSA;OUI - Standard BSA
Rockrider;EXPL 520;VTT;2023-2025;29;BSA;OUI - Standard BSA
Rockrider;EXPL 540;VTT;2023-2025;29;BSA;OUI - Standard BSA
Rockrider;EXPL 900;VTT;2024-2025;29;BSA;OUI - Standard BSA
Rockrider;XC 50;VTT;2019-2022;29;BSA;OUI - Standard BSA
Rockrider;XC 100;VTT;2019-2023;29;BSA;OUI - Standard BSA
Rockrider;XC 500;VTT;2019-2023;29;BSA;OUI - Standard BSA
Rockrider;XC 500 S;VTT;2020-2023;29;BSA;OUI - Standard BSA
Rockrider;XC 900;VTT;2018-2023;29;PressFit;Difficile - Adaptateur requis
Rockrider;XC 900 S;VTT;2020-2024;29;PressFit;Difficile - Adaptateur requis
Rockrider;RACE 100;VTT;2023-2025;29;BSA;OUI - Standard BSA
Rockrider;RACE 500;VTT;2023-2025;29;BSA;OUI - Standard BSA
Rockrider;RACE 700 S;VTT;2024-2025;29;PressFit;Difficile - Adaptateur requis
Rockrider;RACE 740;VTT;2024-2025;29;PressFit;Difficile - Adaptateur requis
Rockrider;RACE 900 S;VTT;2023-2025;29;PressFit;Difficile - Adaptateur requis
Rockrider;RACE 940 S;VTT;2023-2025;29;PressFit;Difficile - Adaptateur requis
Rockrider;AM 100 S;VTT;2020-2023;29;BSA;OUI - Standard BSA
Rockrider;AM 500 S;VTT;2020-2023;29;BSA;OUI - Standard BSA
Rockrider;AM 900 S;VTT;2020-2023;29;BSA;OUI - Standard BSA
Rockrider;FEEL 500 S;VTT;2024-2025;29;BSA;OUI - Standard BSA
Rockrider;FEEL 900 S;VTT;2024-2025;29;BSA;OUI - Standard BSA
Rockrider;ST 500 24p;VTT;2019-2023;24;BSA;OUI - Standard BSA
Rockrider;ST 500 26p;VTT;2019-2023;26;BSA;OUI - Standard BSA
Rockrider;ST 900 24p;VTT;2019-2023;24;BSA;OUI - Standard BSA
Rockrider;ST 900 26p;VTT;2019-2023;26;BSA;OUI - Standard BSA
B'Twin;Elops 100;Ville;2015-2020;700c;BSA;OUI - Standard BSA
B'Twin;Elops 120;Ville;2018-2022;700c;BSA;OUI - Standard BSA
B'Twin;Elops 300;Ville;2015-2020;700c;BSA;OUI - Standard BSA
B'Twin;Elops 320;Ville;2018-2022;700c;BSA;OUI - Standard BSA
B'Twin;Elops 500;Ville;2015-2022;700c;BSA;OUI - Standard BSA
B'Twin;Elops 520;Ville;2018-2023;700c;BSA;OUI - Standard BSA
B'Twin;Elops 540;Ville;2019-2023;700c;BSA;OUI - Standard BSA
B'Twin;Elops 900;Ville;2017-2022;700c;BSA;OUI - Standard BSA
B'Twin;Elops 920;Ville;2019-2023;700c;BSA;OUI - Standard BSA
B'Twin;Elops 940;Ville;2020-2023;700c;BSA;OUI - Standard BSA
B'Twin;Hoprider 100;Ville;2017-2021;700c;BSA;OUI - Standard BSA
B'Twin;Hoprider 300;Ville;2017-2021;700c;BSA;OUI - Standard BSA
B'Twin;Hoprider 500;Ville;2018-2022;700c;BSA;OUI - Standard BSA
B'Twin;Hoprider 900;Ville;2018-2022;700c;BSA;OUI - Standard BSA
B'Twin;LD 920;Ville;2023-2025;700c;BSA;OUI - Standard BSA
B'Twin;LD 940;Ville;2024-2025;700c;BSA;OUI - Standard BSA
B'Twin;Speed 100;Ville;2023-2025;700c;BSA;OUI - Standard BSA
B'Twin;Speed 500;Ville;2023-2025;700c;BSA;OUI - Standard BSA
B'Twin;Speed 900;Ville;2024-2025;700c;BSA;OUI - Standard BSA
B'Twin;Triban 100;Route;2017-2021;700c;BSA;OUI - Standard BSA
B'Twin;Triban 120;Route;2019-2023;700c;BSA;OUI - Standard BSA
B'Twin;Triban RC 120;Route;2020-2024;700c;BSA;OUI - Standard BSA
B'Twin;Triban 500;Route;2017-2021;700c;BSA;OUI - Standard BSA
B'Twin;Triban 520;Route;2019-2023;700c;BSA;OUI - Standard BSA
B'Twin;Triban RC 520;Route;2020-2024;700c;BSA;OUI - Standard BSA
B'Twin;Ultra 900 AF;Route;2019-2023;700c;BSA;OUI - Standard BSA
B'Twin;Ultra 900 CF;Route;2019-2023;700c;PressFit;Difficile - Adaptateur requis
B'Twin;Triban RC 120 Gravel;Gravel;2021-2024;700c;BSA;OUI - Standard BSA
B'Twin;Triban RC 520 Gravel;Gravel;2021-2024;700c;BSA;OUI - Standard BSA
B'Twin;GRVL 120;Gravel;2023-2025;700c;BSA;OUI - Standard BSA
B'Twin;GRVL 520;Gravel;2023-2025;700c;BSA;OUI - Standard BSA
B'Twin;GRVL 900;Gravel;2024-2025;700c;PressFit;Difficile - Adaptateur requis
Riverside;100;VTC;2015-2019;700c;BSA;OUI - Standard BSA
Riverside;120;VTC;2018-2023;700c;BSA;OUI - Standard BSA
Riverside;500;VTC;2015-2022;700c;BSA;OUI - Standard BSA
Riverside;520;VTC;2018-2023;700c;BSA;OUI - Standard BSA
Riverside;540;VTC;2019-2023;700c;BSA;OUI - Standard BSA
Riverside;900;VTC;2017-2022;700c;BSA;OUI - Standard BSA
Riverside;920;VTC;2019-2023;700c;BSA;OUI - Standard BSA
Riverside;Touring 500;VTC;2019-2023;700c;BSA;OUI - Standard BSA
Riverside;Touring 520;VTC;2020-2023;700c;BSA;OUI - Standard BSA
Riverside;Touring 900;VTC;2019-2023;700c;BSA;OUI - Standard BSA
Rockrider;E-ACTV 100;VTC;2024-2025;700c;BSA;OUI - Standard BSA
Rockrider;E-ACTV 500;VTC;2024-2025;700c;BSA;OUI - Standard BSA
Nakamura;Cliff 100;VTT;2015-2018;26;BSA;OUI - Standard BSA
Nakamura;Cliff 200;VTT;2015-2019;26;BSA;OUI - Standard BSA
Nakamura;Cliff 300;VTT;2016-2020;26;BSA;OUI - Standard BSA
Nakamura;Cliff 400;VTT;2016-2020;27.5;BSA;OUI - Standard BSA
Nakamura;Cliff 500;VTT;2017-2021;27.5;BSA;OUI - Standard BSA
Nakamura;Cliff 600;VTT;2018-2022;27.5;BSA;OUI - Standard BSA
Nakamura;Cliff 700;VTT;2020-2025;27.5;BSA;OUI - Standard BSA
Nakamura;Cliff Edge;VTT;2015-2018;26;BSA;OUI - Standard BSA
Nakamura;Cliff Lite;VTT;2015-2019;26;BSA;OUI - Standard BSA
Nakamura;Summit 26;VTT;2014-2017;26;BSA;OUI - Standard BSA
Nakamura;Summit 200;VTT;2015-2018;26;BSA;OUI - Standard BSA
Nakamura;Summit 300;VTT;2016-2019;27.5;BSA;OUI - Standard BSA
Nakamura;Summit 400;VTT;2017-2020;27.5;BSA;OUI - Standard BSA
Nakamura;Summit 500;VTT;2018-2021;27.5;BSA;OUI - Standard BSA
Nakamura;Summit 700;VTT;2019-2024;29;BSA;OUI - Standard BSA
Nakamura;Summit 700 Hydro;VTT;2023-2025;29;BSA;OUI - Standard BSA
Nakamura;Summit 720;VTT;2021-2024;29;BSA;OUI - Standard BSA
Nakamura;Summit 740;VTT;2022-2025;29;BSA;OUI - Standard BSA
Nakamura;Summit 900;VTT;2018-2022;29;BSA;OUI - Standard BSA
Nakamura;Summit 920;VTT;2020-2024;29;BSA;OUI - Standard BSA
Nakamura;Summit 920 LTD;VTT;2022-2025;29;BSA;OUI - Standard BSA
Nakamura;Summit LTD;VTT;2023-2025;29;BSA;OUI - Standard BSA
Nakamura;Summit 950 S;VTT;2023-2025;29;BSA;OUI - Standard BSA
Nakamura;Native 500;VTT;2019-2022;27.5;BSA;OUI - Standard BSA
Nakamura;Native 700;VTT;2020-2023;27.5;BSA;OUI - Standard BSA
Nakamura;Native 705 LTD;VTT;2022-2025;27.5;BSA;OUI - Standard BSA
Nakamura;Fit 100;VTC;2017-2023;700c;BSA;OUI - Standard BSA
Nakamura;Fit 100 W;VTC;2018-2023;700c;BSA;OUI - Standard BSA
Nakamura;Fit 200;VTC;2017-2022;700c;BSA;OUI - Standard BSA
Nakamura;Fit 300;VTC;2018-2023;700c;BSA;OUI - Standard BSA
Nakamura;Crossover;VTC;2016-2020;700c;BSA;OUI - Standard BSA
Nakamura;Crossover 100;VTC;2020-2024;700c;BSA;OUI - Standard BSA
Nakamura;Crossover 200;VTC;2020-2024;700c;BSA;OUI - Standard BSA
Nakamura;Crossover XA;VTC;2020-2024;700c;BSA;OUI - Standard BSA
Nakamura;Crossover XV;VTC;2020-2024;700c;BSA;OUI - Standard BSA
Nakamura;Crossover Native XV LTD;VTC;2024-2025;700c;BSA;OUI - Standard BSA
Nakamura;City 50;Ville;2017-2023;700c;BSA;OUI - Standard BSA
Nakamura;City 100;Ville;2018-2024;700c;BSA;OUI - Standard BSA
Nakamura;City 200;Ville;2019-2024;700c;BSA;OUI - Standard BSA
Nakamura;City 300;Ville;2020-2024;700c;BSA;OUI - Standard BSA
Nakamura;Classic;Ville;2018-2023;26;BSA;OUI - Standard BSA
Nakamura;Classic LTD;Ville;2023-2025;26;BSA;OUI - Standard BSA
Nakamura;Roadster;Ville;2022-2025;700c;BSA;OUI - Standard BSA
Nakamura;Century 100;Route;2017-2022;700c;BSA;OUI - Standard BSA
Nakamura;Century 100C;Route;2020-2024;700c;BSA;OUI - Standard BSA
Nakamura;Century 200;Route;2017-2022;700c;BSA;OUI - Standard BSA
Nakamura;Century 300;Route;2018-2023;700c;BSA;OUI - Standard BSA
Nakamura;Century 300D;Route;2020-2024;700c;BSA;OUI - Standard BSA
Nakamura;Century 500;Route;2019-2023;700c;BSA;OUI - Standard BSA
Nakamura;Century 700;Route;2020-2024;700c;BSA;OUI - Standard BSA
Nakamura;Gravel 500;Gravel;2022-2025;700c;BSA;OUI - Standard BSA
Nakamura;Gravel 700;Gravel;2023-2025;700c;BSA;OUI - Standard BSA
Scrapper;XC 1.8;VTT;2015-2018;26;BSA;OUI - Standard BSA
Scrapper;XC 2.6;VTT;2015-2018;26;BSA;OUI - Standard BSA
Scrapper;XC 2.9;VTT;2016-2019;27.5;BSA;OUI - Standard BSA
Scrapper;XC 3.7;VTT;2016-2019;27.5;BSA;OUI - Standard BSA
Scrapper;XC 3.9;VTT;2017-2020;29;BSA;OUI - Standard BSA
Scrapper;XC 4.8;VTT;2017-2020;27.5;BSA;OUI - Standard BSA
Scrapper;XC 5.8;VTT;2017-2020;27.5;BSA;OUI - Standard BSA
Scrapper;XC 6.9;VTT;2018-2021;29;BSA;OUI - Standard BSA
Scrapper;XC 7.9;VTT;2018-2021;29;BSA;OUI - Standard BSA
Scrapper;Exalt 1.0;VTT;2019-2022;27.5;BSA;OUI - Standard BSA
Scrapper;Exalt 2.0;VTT;2019-2022;29;BSA;OUI - Standard BSA
Scrapper;Exalt 3.0;VTT;2019-2022;29;BSA;OUI - Standard BSA
Scrapper;Exalt 4.0;VTT;2020-2023;29;BSA;OUI - Standard BSA
Scrapper;SCR 2.0;VTC;2015-2019;700c;BSA;OUI - Standard BSA
Scrapper;SCR 3.0;VTC;2016-2019;700c;BSA;OUI - Standard BSA
Scrapper;Spego 1.0;VTC;2019-2022;700c;BSA;OUI - Standard BSA
Scrapper;Spego 2.0;VTC;2019-2022;700c;BSA;OUI - Standard BSA
Scrapper;Spego 3.0;VTC;2020-2023;700c;BSA;OUI - Standard BSA
Scrapper;City 1.0;Ville;2017-2021;700c;BSA;OUI - Standard BSA
Scrapper;City 2.0;Ville;2018-2022;700c;BSA;OUI - Standard BSA
Scrapper;Spitfire 1.0;Route;2017-2020;700c;BSA;OUI - Standard BSA
Scrapper;Spitfire 2.0;Route;2018-2021;700c;BSA;OUI - Standard BSA
Scrapper;Spitfire 3.0;Route;2019-2022;700c;BSA;OUI - Standard BSA
Trek;Marlin 4;VTT;2015-2018;27.5;BSA;OUI - Standard BSA
Trek;Marlin 5 (27.5);VTT;2015-2020;27.5;BSA;OUI - Standard BSA
Trek;Marlin 5 (29);VTT;2019-2025;29;BSA;OUI - Standard BSA
Trek;Marlin 6 (27.5);VTT;2015-2020;27.5;BSA;OUI - Standard BSA
Trek;Marlin 6 (29);VTT;2019-2025;29;BSA;OUI - Standard BSA
Trek;Marlin 7 (29);VTT;2017-2025;29;BSA;OUI - Standard BSA
Trek;Marlin 8 (29);VTT;2020-2024;29;BSA;OUI - Standard BSA
Trek;820 (26);VTT;2015-2020;26;BSA;OUI - Standard BSA
Trek;X-Caliber 7;VTT;2017-2024;29;BSA;OUI - Standard BSA
Trek;X-Caliber 8;VTT;2017-2024;29;BSA;OUI - Standard BSA
Trek;X-Caliber 9;VTT;2018-2024;29;BSA;OUI - Standard BSA
Trek;Roscoe 6;VTT;2018-2023;27.5+;BSA;OUI - Standard BSA
Trek;Roscoe 7;VTT;2018-2023;27.5+;BSA;OUI - Standard BSA
Trek;Roscoe 8;VTT;2019-2023;29;BSA;OUI - Standard BSA
Trek;Top Fuel 7;VTT;2019-2023;29;PressFit;Difficile - Adaptateur requis
Trek;Top Fuel 8;VTT;2019-2023;29;PressFit;Difficile - Adaptateur requis
Trek;Supercaliber 9.7;VTT;2020-2024;29;PressFit;Difficile - Adaptateur requis
Trek;Fuel EX 5;VTT;2018-2024;29;BSA;OUI - Standard BSA
Trek;Fuel EX 7;VTT;2018-2024;29;BSA;OUI - Standard BSA
Trek;Fuel EX 8;VTT;2018-2024;29;PressFit;Difficile - Adaptateur requis
Trek;Remedy 7;VTT;2018-2024;29;BSA;OUI - Standard BSA
Trek;Remedy 8;VTT;2018-2024;29;PressFit;Difficile - Adaptateur requis
Trek;Slash 7;VTT;2019-2023;29;BSA;OUI - Standard BSA
Trek;Domane AL 2;Route;2019-2025;700c;BSA;OUI - Standard BSA
Trek;Domane AL 3;Route;2019-2025;700c;BSA;OUI - Standard BSA
Trek;Domane AL 4;Route;2020-2025;700c;BSA;OUI - Standard BSA
Trek;Domane AL 5;Route;2020-2025;700c;BSA;OUI - Standard BSA
Trek;Domane SL 5;Route;2018-2024;700c;PressFit;Difficile - Adaptateur requis
Trek;Emonda ALR 4;Route;2019-2024;700c;BSA;OUI - Standard BSA
Trek;Emonda ALR 5;Route;2019-2024;700c;BSA;OUI - Standard BSA
Trek;Emonda SL 5;Route;2018-2024;700c;PressFit;Difficile - Adaptateur requis
Trek;FX 1;VTC;2017-2025;700c;BSA;OUI - Standard BSA
Trek;FX 2;VTC;2017-2025;700c;BSA;OUI - Standard BSA
Trek;FX 3;VTC;2017-2025;700c;BSA;OUI - Standard BSA
Trek;Verve 1;VTC;2019-2024;700c;BSA;OUI - Standard BSA
Trek;Verve 2;VTC;2019-2024;700c;BSA;OUI - Standard BSA
Trek;Verve 3;VTC;2020-2024;700c;BSA;OUI - Standard BSA
Trek;Dual Sport 1;VTC;2018-2025;700c;BSA;OUI - Standard BSA
Trek;Dual Sport 2;VTC;2018-2025;700c;BSA;OUI - Standard BSA
Trek;Dual Sport 3;VTC;2019-2025;700c;BSA;OUI - Standard BSA
Trek;Checkpoint ALR 4;Gravel;2019-2024;700c;BSA;OUI - Standard BSA
Trek;Checkpoint ALR 5;Gravel;2019-2024;700c;BSA;OUI - Standard BSA
Trek;Checkpoint SL 5;Gravel;2020-2024;700c;PressFit;Difficile - Adaptateur requis
Giant;Talon 1 (27.5);VTT;2015-2020;27.5;BSA;OUI - Standard BSA
Giant;Talon 2 (27.5);VTT;2015-2020;27.5;BSA;OUI - Standard BSA
Giant;Talon 3 (27.5);VTT;2015-2020;27.5;BSA;OUI - Standard BSA
Giant;Talon 1 (29);VTT;2019-2025;29;BSA;OUI - Standard BSA
Giant;Talon 2 (29);VTT;2019-2025;29;BSA;OUI - Standard BSA
Giant;Talon 3 (29);VTT;2019-2025;29;BSA;OUI - Standard BSA
Giant;Talon 4 (29);VTT;2021-2025;29;BSA;OUI - Standard BSA
Giant;ATX 1 (27.5);VTT;2015-2020;27.5;BSA;OUI - Standard BSA
Giant;ATX 2 (27.5);VTT;2015-2020;27.5;BSA;OUI - Standard BSA
Giant;ATX (26);VTT;2015-2019;26;BSA;OUI - Standard BSA
Giant;ATX 1 (29);VTT;2020-2024;29;BSA;OUI - Standard BSA
Giant;ATX 2 (29);VTT;2020-2024;29;BSA;OUI - Standard BSA
Giant;Fathom 1 (27.5);VTT;2017-2021;27.5;BSA;OUI - Standard BSA
Giant;Fathom 2 (27.5);VTT;2017-2021;27.5;BSA;OUI - Standard BSA
Giant;Fathom 1 (29);VTT;2020-2025;29;BSA;OUI - Standard BSA
Giant;Fathom 2 (29);VTT;2020-2025;29;BSA;OUI - Standard BSA
Giant;XTC SLR 1 (29);VTT;2019-2024;29;PressFit;Difficile - Adaptateur requis
Giant;XTC SLR 2 (29);VTT;2019-2024;29;PressFit;Difficile - Adaptateur requis
Giant;XTC Advanced 29;VTT;2018-2024;29;PressFit;Difficile - Adaptateur requis
Giant;Trance 1 (27.5);VTT;2015-2020;27.5;BSA;OUI - Standard BSA
Giant;Trance 2 (27.5);VTT;2015-2020;27.5;BSA;OUI - Standard BSA
Giant;Trance 3 (29);VTT;2020-2024;29;BSA;OUI - Standard BSA
Giant;Trance X 2 (29);VTT;2021-2024;29;BSA;OUI - Standard BSA
Giant;Stance 1 (27.5);VTT;2018-2021;27.5;BSA;OUI - Standard BSA
Giant;Stance 2 (27.5);VTT;2018-2021;27.5;BSA;OUI - Standard BSA
Giant;Stance 1 (29);VTT;2021-2025;29;BSA;OUI - Standard BSA
Giant;Stance 2 (29);VTT;2021-2025;29;BSA;OUI - Standard BSA
Giant;Contend AR 1;Route;2019-2025;700c;BSA;OUI - Standard BSA
Giant;Contend AR 2;Route;2019-2025;700c;BSA;OUI - Standard BSA
Giant;Contend AR 3;Route;2020-2025;700c;BSA;OUI - Standard BSA
Giant;Contend 1;Route;2017-2022;700c;BSA;OUI - Standard BSA
Giant;Contend 2;Route;2017-2022;700c;BSA;OUI - Standard BSA
Giant;Defy Advanced 2;Route;2018-2024;700c;PressFit;Difficile - Adaptateur requis
Giant;TCR Advanced 2;Route;2018-2024;700c;PressFit;Difficile - Adaptateur requis
Giant;Escape 1;VTC;2015-2022;700c;BSA;OUI - Standard BSA
Giant;Escape 2;VTC;2015-2022;700c;BSA;OUI - Standard BSA
Giant;Escape 3;VTC;2015-2025;700c;BSA;OUI - Standard BSA
Giant;Fastroad SL 2;VTC;2019-2024;700c;BSA;OUI - Standard BSA
Giant;Fastroad SL 3;VTC;2019-2024;700c;BSA;OUI - Standard BSA
Giant;Roam 1;VTC;2015-2020;700c;BSA;OUI - Standard BSA
Giant;Roam 2;VTC;2015-2020;700c;BSA;OUI - Standard BSA
Giant;Revolt 0;Gravel;2019-2025;700c;BSA;OUI - Standard BSA
Giant;Revolt 1;Gravel;2019-2025;700c;BSA;OUI - Standard BSA
Giant;Revolt 2;Gravel;2019-2025;700c;BSA;OUI - Standard BSA
Specialized;Rockhopper (27.5);VTT;2015-2020;27.5;BSA;OUI - Standard BSA
Specialized;Rockhopper (29);VTT;2019-2025;29;BSA;OUI - Standard BSA
Specialized;Rockhopper Sport (27.5);VTT;2015-2020;27.5;BSA;OUI - Standard BSA
Specialized;Rockhopper Sport (29);VTT;2019-2025;29;BSA;OUI - Standard BSA
Specialized;Rockhopper Comp (29);VTT;2019-2025;29;BSA;OUI - Standard BSA
Specialized;Rockhopper Elite (29);VTT;2019-2024;29;BSA;OUI - Standard BSA
Specialized;Rockhopper Expert (29);VTT;2020-2024;29;BSA;OUI - Standard BSA
Specialized;Hardrock (26);VTT;2015-2017;26;BSA;OUI - Standard BSA
Specialized;Chisel (29);VTT;2018-2025;29;BSA;OUI - Standard BSA
Specialized;Chisel Comp (29);VTT;2018-2024;29;BSA;OUI - Standard BSA
Specialized;Epic Comp (29);VTT;2018-2024;29;PressFit;Difficile - Adaptateur requis
Specialized;Epic HT Comp (29);VTT;2018-2024;29;PressFit;Difficile - Adaptateur requis
Specialized;Stumpjumper Alloy (29);VTT;2019-2025;29;BSA;OUI - Standard BSA
Specialized;Stumpjumper Comp (29);VTT;2018-2024;29;PressFit;Difficile - Adaptateur requis
Specialized;Fuse 27.5;VTT;2016-2021;27.5+;BSA;OUI - Standard BSA
Specialized;Fuse Comp (29);VTT;2020-2024;29;BSA;OUI - Standard BSA
Specialized;Allez;Route;2015-2025;700c;BSA;OUI - Standard BSA
Specialized;Allez Sport;Route;2015-2025;700c;BSA;OUI - Standard BSA
Specialized;Allez Elite;Route;2017-2023;700c;BSA;OUI - Standard BSA
Specialized;Allez Sprint;Route;2018-2024;700c;BSA;OUI - Standard BSA
Specialized;Roubaix (alu);Route;2018-2023;700c;BSA;OUI - Standard BSA
Specialized;Roubaix Comp;Route;2018-2023;700c;PressFit;Difficile - Adaptateur requis
Specialized;Tarmac SL6 Comp;Route;2018-2023;700c;PressFit;Difficile - Adaptateur requis
Specialized;Sirrus 1.0;VTC;2020-2025;700c;BSA;OUI - Standard BSA
Specialized;Sirrus 2.0;VTC;2020-2025;700c;BSA;OUI - Standard BSA
Specialized;Sirrus 3.0;VTC;2020-2025;700c;BSA;OUI - Standard BSA
Specialized;Sirrus X 2.0;VTC;2020-2024;700c;BSA;OUI - Standard BSA
Specialized;Crossroads 1.0;VTC;2019-2023;700c;BSA;OUI - Standard BSA
Specialized;Crossroads 2.0;VTC;2019-2023;700c;BSA;OUI - Standard BSA
Specialized;Roll 2.0;Ville;2020-2024;700c;BSA;OUI - Standard BSA
Specialized;Diverge Base E5;Gravel;2019-2025;700c;BSA;OUI - Standard BSA
Specialized;Diverge Comp E5;Gravel;2019-2025;700c;BSA;OUI - Standard BSA
Specialized;Diverge Comp Carbon;Gravel;2020-2025;700c;PressFit;Difficile - Adaptateur requis
Cannondale;Trail 5 (27.5);VTT;2015-2020;27.5;BSA;OUI - Standard BSA
Cannondale;Trail 6 (27.5);VTT;2015-2020;27.5;BSA;OUI - Standard BSA
Cannondale;Trail 7 (27.5);VTT;2015-2020;27.5;BSA;OUI - Standard BSA
Cannondale;Trail 8 (27.5);VTT;2015-2020;27.5;BSA;OUI - Standard BSA
Cannondale;Trail 5 (29);VTT;2020-2025;29;BSA;OUI - Standard BSA
Cannondale;Trail 6 (29);VTT;2020-2025;29;BSA;OUI - Standard BSA
Cannondale;Trail 7 (29);VTT;2020-2025;29;BSA;OUI - Standard BSA
Cannondale;Trail 8 (29);VTT;2020-2025;29;BSA;OUI - Standard BSA
Cannondale;Catalyst 1 (27.5);VTT;2016-2019;27.5;BSA;OUI - Standard BSA
Cannondale;Catalyst 2 (27.5);VTT;2016-2019;27.5;BSA;OUI - Standard BSA
Cannondale;Catalyst 3 (27.5);VTT;2016-2019;27.5;BSA;OUI - Standard BSA
Cannondale;Catalyst 4 (27.5);VTT;2017-2019;27.5;BSA;OUI - Standard BSA
Cannondale;Scalpel Carbon 4;VTT;2021-2024;29;PressFit;Difficile - Adaptateur requis
Cannondale;Scalpel Alloy 3;VTT;2022-2024;29;BSA;OUI - Standard BSA
Cannondale;Habit 4;VTT;2019-2023;29;BSA;OUI - Standard BSA
Cannondale;Habit 5;VTT;2019-2023;29;BSA;OUI - Standard BSA
Cannondale;Habit 6;VTT;2020-2023;29;BSA;OUI - Standard BSA
Cannondale;CAAD Optimo 1;Route;2019-2025;700c;BSA;OUI - Standard BSA
Cannondale;CAAD Optimo 2;Route;2019-2025;700c;BSA;OUI - Standard BSA
Cannondale;CAAD Optimo 3;Route;2020-2025;700c;BSA;OUI - Standard BSA
Cannondale;CAAD 13;Route;2020-2024;700c;PressFit;Difficile - Adaptateur requis
Cannondale;Synapse 1 (alu);Route;2020-2025;700c;BSA;OUI - Standard BSA
Cannondale;Synapse 2 (alu);Route;2020-2025;700c;BSA;OUI - Standard BSA
Cannondale;Synapse Carbon 3;Route;2021-2024;700c;PressFit;Difficile - Adaptateur requis
Cannondale;Quick 4;VTC;2017-2024;700c;BSA;OUI - Standard BSA
Cannondale;Quick 5;VTC;2017-2024;700c;BSA;OUI - Standard BSA
Cannondale;Quick 6;VTC;2018-2024;700c;BSA;OUI - Standard BSA
Cannondale;Quick 7;VTC;2019-2024;700c;BSA;OUI - Standard BSA
Cannondale;Quick 8;VTC;2019-2024;700c;BSA;OUI - Standard BSA
Cannondale;Treadwell 2;VTC;2020-2025;700c;BSA;OUI - Standard BSA
Cannondale;Treadwell 3;VTC;2020-2025;700c;BSA;OUI - Standard BSA
Cannondale;Topstone 3;Gravel;2020-2025;700c;BSA;OUI - Standard BSA
Cannondale;Topstone 4;Gravel;2020-2025;700c;BSA;OUI - Standard BSA
Cannondale;Topstone Carbon 4;Gravel;2021-2024;700c;PressFit;Difficile - Adaptateur requis
Orbea;MX 20;VTT;2017-2022;27.5;BSA;OUI - Standard BSA
Orbea;MX 30;VTT;2017-2022;27.5;BSA;OUI - Standard BSA
Orbea;MX 40;VTT;2017-2025;29;BSA;OUI - Standard BSA
Orbea;MX 50;VTT;2017-2025;29;BSA;OUI - Standard BSA
Orbea;MX 60;VTT;2020-2025;29;BSA;OUI - Standard BSA
Orbea;Alma H20 (27.5);VTT;2016-2020;27.5;BSA;OUI - Standard BSA
Orbea;Alma H30 (29);VTT;2018-2024;29;BSA;OUI - Standard BSA
Orbea;Alma H50 (29);VTT;2019-2025;29;BSA;OUI - Standard BSA
Orbea;Alma M50 (29);VTT;2020-2024;29;PressFit;Difficile - Adaptateur requis
Orbea;Laufey H10;VTT;2020-2024;29;BSA;OUI - Standard BSA
Orbea;Laufey H30;VTT;2020-2024;29;BSA;OUI - Standard BSA
Orbea;Oiz H20 (29);VTT;2020-2024;29;BSA;OUI - Standard BSA
Orbea;Oiz M20 (29);VTT;2020-2024;29;PressFit;Difficile - Adaptateur requis
Orbea;Occam H10 (29);VTT;2020-2024;29;BSA;OUI - Standard BSA
Orbea;Occam H30 (29);VTT;2020-2024;29;BSA;OUI - Standard BSA
Orbea;Avant H30;Route;2017-2024;700c;BSA;OUI - Standard BSA
Orbea;Avant H40;Route;2017-2024;700c;BSA;OUI - Standard BSA
Orbea;Avant H60;Route;2019-2025;700c;BSA;OUI - Standard BSA
Orbea;Orca M30;Route;2020-2024;700c;PressFit;Difficile - Adaptateur requis
Orbea;Vector 10;VTC;2017-2023;700c;BSA;OUI - Standard BSA
Orbea;Vector 20;VTC;2018-2024;700c;BSA;OUI - Standard BSA
Orbea;Vector 30;VTC;2019-2025;700c;BSA;OUI - Standard BSA
Orbea;Terra H30;Gravel;2019-2025;700c;BSA;OUI - Standard BSA
Orbea;Terra H40;Gravel;2020-2025;700c;BSA;OUI - Standard BSA
Orbea;Terra M30;Gravel;2021-2024;700c;PressFit;Difficile - Adaptateur requis
Orbea;Carpe 10;Ville;2018-2023;700c;BSA;OUI - Standard BSA
Orbea;Carpe 20;Ville;2018-2024;700c;BSA;OUI - Standard BSA
Orbea;Carpe 40;Ville;2019-2025;700c;BSA;OUI - Standard BSA
Scott;Aspect 950 (29);VTT;2019-2025;29;BSA;OUI - Standard BSA
Scott;Aspect 960 (29);VTT;2019-2025;29;BSA;OUI - Standard BSA
Scott;Aspect 970 (29);VTT;2019-2025;29;BSA;OUI - Standard BSA
Scott;Aspect 760 (27.5);VTT;2017-2021;27.5;BSA;OUI - Standard BSA
Scott;Aspect 770 (27.5);VTT;2017-2021;27.5;BSA;OUI - Standard BSA
Scott;Aspect 940 (29);VTT;2020-2025;29;BSA;OUI - Standard BSA
Scott;Scale 960 (29);VTT;2019-2025;29;BSA;OUI - Standard BSA
Scott;Scale 970 (29);VTT;2019-2025;29;BSA;OUI - Standard BSA
Scott;Scale 980 (29);VTT;2020-2025;29;BSA;OUI - Standard BSA
Scott;Scale RC 900 (29);VTT;2018-2023;29;PressFit;Difficile - Adaptateur requis
Scott;Spark 960 (29);VTT;2020-2025;29;BSA;OUI - Standard BSA
Scott;Spark 970 (29);VTT;2020-2025;29;BSA;OUI - Standard BSA
Scott;Genius 960 (29);VTT;2021-2024;29;BSA;OUI - Standard BSA
Scott;Genius 970 (29);VTT;2021-2024;29;BSA;OUI - Standard BSA
Scott;Speedster 10;Route;2017-2024;700c;BSA;OUI - Standard BSA
Scott;Speedster 20;Route;2017-2024;700c;BSA;OUI - Standard BSA
Scott;Speedster 30;Route;2017-2025;700c;BSA;OUI - Standard BSA
Scott;Speedster 40;Route;2018-2025;700c;BSA;OUI - Standard BSA
Scott;Sub Cross 10;VTC;2017-2024;700c;BSA;OUI - Standard BSA
Scott;Sub Cross 20;VTC;2018-2024;700c;BSA;OUI - Standard BSA
Scott;Sub Cross 30;VTC;2018-2025;700c;BSA;OUI - Standard BSA
Scott;Sub Cross 40;VTC;2019-2025;700c;BSA;OUI - Standard BSA
Scott;Sub Cross 50;VTC;2019-2025;700c;BSA;OUI - Standard BSA
Scott;Speedster Gravel 20;Gravel;2019-2024;700c;BSA;OUI - Standard BSA
Scott;Speedster Gravel 30;Gravel;2020-2025;700c;BSA;OUI - Standard BSA
Scott;Addict Gravel 30;Gravel;2021-2024;700c;PressFit;Difficile - Adaptateur requis
Cube;Aim (27.5);VTT;2015-2020;27.5;BSA;OUI - Standard BSA
Cube;Aim Pro (27.5);VTT;2017-2021;27.5;BSA;OUI - Standard BSA
Cube;Aim (29);VTT;2020-2025;29;BSA;OUI - Standard BSA
Cube;Aim Pro (29);VTT;2020-2025;29;BSA;OUI - Standard BSA
Cube;Analog (29);VTT;2020-2025;29;BSA;OUI - Standard BSA
Cube;Aim SL (29);VTT;2021-2025;29;BSA;OUI - Standard BSA
Cube;Attention (27.5);VTT;2015-2020;27.5;BSA;OUI - Standard BSA
Cube;Attention (29);VTT;2019-2025;29;BSA;OUI - Standard BSA
Cube;Attention SL (29);VTT;2020-2025;29;BSA;OUI - Standard BSA
Cube;Reaction Pro (29);VTT;2019-2025;29;BSA;OUI - Standard BSA
Cube;Reaction Race (29);VTT;2020-2025;29;BSA;OUI - Standard BSA
Cube;Reaction C:62 (29);VTT;2020-2024;29;PressFit;Difficile - Adaptateur requis
Cube;Stereo 120 (29);VTT;2019-2024;29;BSA;OUI - Standard BSA
Cube;Stereo 140 (29);VTT;2019-2024;29;BSA;OUI - Standard BSA
Cube;Stereo 160 (29);VTT;2019-2024;29;BSA;OUI - Standard BSA
Cube;Attain;Route;2017-2024;700c;BSA;OUI - Standard BSA
Cube;Attain Pro;Route;2018-2024;700c;BSA;OUI - Standard BSA
Cube;Attain SL;Route;2019-2024;700c;BSA;OUI - Standard BSA
Cube;Nature (700c);VTC;2018-2024;700c;BSA;OUI - Standard BSA
Cube;Nature Pro (700c);VTC;2019-2024;700c;BSA;OUI - Standard BSA
Cube;Touring (700c);VTC;2017-2024;700c;BSA;OUI - Standard BSA
Cube;Touring Pro (700c);VTC;2018-2024;700c;BSA;OUI - Standard BSA
Cube;Nuroad (700c);Gravel;2019-2025;700c;BSA;OUI - Standard BSA
Cube;Nuroad Pro (700c);Gravel;2020-2025;700c;BSA;OUI - Standard BSA
Cube;Nuroad Race (700c);Gravel;2020-2025;700c;BSA;OUI - Standard BSA
Lapierre;Edge 127 (27.5);VTT;2017-2021;27.5;BSA;OUI - Standard BSA
Lapierre;Edge 227 (27.5);VTT;2017-2021;27.5;BSA;OUI - Standard BSA
Lapierre;Edge 327 (27.5);VTT;2018-2022;27.5;BSA;OUI - Standard BSA
Lapierre;Edge 129 (29);VTT;2020-2025;29;BSA;OUI - Standard BSA
Lapierre;Edge 229 (29);VTT;2020-2025;29;BSA;OUI - Standard BSA
Lapierre;Edge 329 (29);VTT;2020-2025;29;BSA;OUI - Standard BSA
Lapierre;Edge 529 (29);VTT;2021-2025;29;BSA;OUI - Standard BSA
Lapierre;Prorace 229 (29);VTT;2020-2024;29;BSA;OUI - Standard BSA
Lapierre;Prorace 329 (29);VTT;2020-2024;29;BSA;OUI - Standard BSA
Lapierre;Prorace 529 (29);VTT;2021-2024;29;BSA;OUI - Standard BSA
Lapierre;Prorace CF (29);VTT;2021-2024;29;PressFit;Difficile - Adaptateur requis
Lapierre;Zesty AM 3.0 (29);VTT;2019-2023;29;BSA;OUI - Standard BSA
Lapierre;Zesty AM 4.0 (29);VTT;2019-2023;29;BSA;OUI - Standard BSA
Lapierre;Spicy 4.0 (29);VTT;2020-2024;29;BSA;OUI - Standard BSA
Lapierre;Sensium 1.0;Route;2020-2024;700c;BSA;OUI - Standard BSA
Lapierre;Sensium 2.0;Route;2020-2024;700c;BSA;OUI - Standard BSA
Lapierre;Sensium 3.0;Route;2020-2024;700c;BSA;OUI - Standard BSA
Lapierre;Pulsium 3.0;Route;2020-2024;700c;PressFit;Difficile - Adaptateur requis
Lapierre;Cross 100;VTC;2017-2022;700c;BSA;OUI - Standard BSA
Lapierre;Cross 200;VTC;2018-2023;700c;BSA;OUI - Standard BSA
Lapierre;Trekking 100;VTC;2019-2024;700c;BSA;OUI - Standard BSA
Lapierre;Trekking 200;VTC;2020-2024;700c;BSA;OUI - Standard BSA
Lapierre;Crosshill 2.0;Gravel;2020-2024;700c;BSA;OUI - Standard BSA
Lapierre;Crosshill 3.0;Gravel;2020-2024;700c;BSA;OUI - Standard BSA
KTM;Chicago 271 (27.5);VTT;2017-2022;27.5;BSA;OUI - Standard BSA
KTM;Chicago 291 (29);VTT;2019-2025;29;BSA;OUI - Standard BSA
KTM;Peak XT (27.5);VTT;2016-2020;27.5;BSA;OUI - Standard BSA
KTM;Peak XT (29);VTT;2019-2024;29;BSA;OUI - Standard BSA
KTM;Ultra Fun (29);VTT;2018-2024;29;BSA;OUI - Standard BSA
KTM;Ultra Ride (29);VTT;2019-2025;29;BSA;OUI - Standard BSA
KTM;Myroon Comp (29);VTT;2018-2024;29;PressFit;Difficile - Adaptateur requis
KTM;Strada 1000;Route;2017-2023;700c;BSA;OUI - Standard BSA
KTM;Revelator Alto Elite;Route;2019-2024;700c;BSA;OUI - Standard BSA
KTM;Life Road;VTC;2018-2024;700c;BSA;OUI - Standard BSA
KTM;Life Track;VTC;2018-2024;700c;BSA;OUI - Standard BSA
KTM;X-Strada 710;Gravel;2020-2025;700c;BSA;OUI - Standard BSA
Merida;Big Seven 20 (27.5);VTT;2015-2020;27.5;BSA;OUI - Standard BSA
Merida;Big Seven 40 (27.5);VTT;2016-2021;27.5;BSA;OUI - Standard BSA
Merida;Big Nine 20 (29);VTT;2017-2023;29;BSA;OUI - Standard BSA
Merida;Big Nine 40 (29);VTT;2018-2024;29;BSA;OUI - Standard BSA
Merida;Big Nine 60 (29);VTT;2019-2025;29;BSA;OUI - Standard BSA
Merida;Big Nine 100 (29);VTT;2019-2024;29;BSA;OUI - Standard BSA
Merida;Big Trail 400 (29);VTT;2020-2024;29;BSA;OUI - Standard BSA
Merida;Big Trail 600 (29);VTT;2020-2024;29;BSA;OUI - Standard BSA
Merida;One-Twenty 400 (29);VTT;2019-2024;29;BSA;OUI - Standard BSA
Merida;Scultura 100;Route;2017-2023;700c;BSA;OUI - Standard BSA
Merida;Scultura 200;Route;2018-2024;700c;BSA;OUI - Standard BSA
Merida;Scultura 400;Route;2019-2025;700c;BSA;OUI - Standard BSA
Merida;Speeder 100;VTC;2017-2024;700c;BSA;OUI - Standard BSA
Merida;Speeder 200;VTC;2018-2024;700c;BSA;OUI - Standard BSA
Merida;Crossway 100;VTC;2017-2024;700c;BSA;OUI - Standard BSA
Merida;Crossway 300;VTC;2018-2025;700c;BSA;OUI - Standard BSA
Merida;Silex 200;Gravel;2019-2025;700c;BSA;OUI - Standard BSA
Merida;Silex 400;Gravel;2020-2025;700c;BSA;OUI - Standard BSA
Gitane;Verso 21V;VTC;2015-2020;700c;BSA;OUI - Standard BSA
Gitane;Verso 24V;VTC;2016-2021;700c;BSA;OUI - Standard BSA
Gitane;Organ'e Central;Ville;2018-2023;700c;BSA;OUI - Standard BSA
Gitane;City Link 7V;Ville;2017-2022;700c;BSA;OUI - Standard BSA
Moustache;Samedi 27 Trail 2;VTT;2019-2023;27.5;BSA;OUI - Standard BSA
Peugeot;Legend LC01 D7;Ville;2017-2022;700c;BSA;OUI - Standard BSA
Peugeot;T01 Sport;VTC;2018-2023;700c;BSA;OUI - Standard BSA
Peugeot;T02 D7;VTC;2017-2022;700c;BSA;OUI - Standard BSA
Peugeot;M01 100;VTT;2018-2022;27.5;BSA;OUI - Standard BSA
Canyon;Grand Canyon 5 (29);VTT;2019-2025;29;BSA;OUI - Standard BSA
Canyon;Grand Canyon 6 (29);VTT;2019-2025;29;BSA;OUI - Standard BSA
Canyon;Grand Canyon 7 (29);VTT;2019-2025;29;BSA;OUI - Standard BSA
Canyon;Stoic 2 (29);VTT;2020-2025;29;BSA;OUI - Standard BSA
Canyon;Stoic 3 (29);VTT;2021-2025;29;BSA;OUI - Standard BSA
Canyon;Neuron 5 (29);VTT;2019-2024;29;BSA;OUI - Standard BSA
Canyon;Spectral 5 (29);VTT;2020-2024;29;BSA;OUI - Standard BSA
Canyon;Endurace AL 6;Route;2019-2025;700c;BSA;OUI - Standard BSA
Canyon;Endurace AL 7;Route;2019-2025;700c;BSA;OUI - Standard BSA
Canyon;Endurace CF 7;Route;2019-2025;700c;PressFit;Difficile - Adaptateur requis
Canyon;Ultimate AL 6;Route;2020-2024;700c;BSA;OUI - Standard BSA
Canyon;Roadlite 5;VTC;2019-2025;700c;BSA;OUI - Standard BSA
Canyon;Roadlite 6;VTC;2020-2025;700c;BSA;OUI - Standard BSA
Canyon;Grizl 6;Gravel;2021-2025;700c;BSA;OUI - Standard BSA
Canyon;Grizl 7;Gravel;2021-2025;700c;BSA;OUI - Standard BSA
Canyon;Grail 6;Gravel;2020-2025;700c;BSA;OUI - Standard BSA
Canyon;Grail 7;Gravel;2020-2025;700c;PressFit;Difficile - Adaptateur requis
Haibike;Seet HardSeven 1.0 (27.5);VTT;2017-2021;27.5;BSA;OUI - Standard BSA
Haibike;Seet HardNine 1.0 (29);VTT;2019-2023;29;BSA;OUI - Standard BSA
Haibike;Seet HardNine 2.0 (29);VTT;2019-2023;29;BSA;OUI - Standard BSA
GT;Aggressor Sport (27.5);VTT;2017-2022;27.5;BSA;OUI - Standard BSA
GT;Aggressor Comp (27.5);VTT;2017-2022;27.5;BSA;OUI - Standard BSA
GT;Avalanche Sport (29);VTT;2019-2025;29;BSA;OUI - Standard BSA
GT;Avalanche Comp (29);VTT;2020-2025;29;BSA;OUI - Standard BSA
GT;Avalanche Elite (29);VTT;2020-2025;29;BSA;OUI - Standard BSA
